<?xml version="1.0" encoding="UTF-8"?>
<project-private xmlns="http://www.netbeans.org/ns/project-private/1">
    <editor-bookmarks xmlns="http://www.netbeans.org/ns/editor-bookmarks/2" lastBookmarkId="0"/>
    <open-files xmlns="http://www.netbeans.org/ns/projectui-open-files/2">
        <group>
            <file>file:/D:/Quy/Aptech/Semester2/Java/Exercises/Day12/src/danhba/Loading.java</file>
            <file>file:/D:/Quy/Aptech/Semester2/Java/Exercises/Day12/src/danhba/Main.java</file>
            <file>file:/D:/Quy/Aptech/Semester2/Java/Exercises/Day12/src/danhba/frmHome.java</file>
        </group>
    </open-files>
</project-private>
